Organization,Member (Y/N),Country,City
FlashWeb IT,Yes,Romania,Bucharest
enRoute,Yes,France,Paris
ITS America,No,USA,"Washington, D.C."
Rural Area Development Programme (RADP),No,Nepal,Kathmandu
Rural Area Development Programme (RADP),No,Nepal,Kathmandu
Shared-Use Mobility Center,No,USA,Chicago
Val Laboratory Corporation,No,Japan,Tokyo
Val Laboratory Corporation,No,Japan,Tokyo
Bus2,Yes,Brazil,Belo Horizonte
transport.data.gouv — France NAP,Yes,France,Paris
Rome2rio (Omio),No,Australia,Melbourne
ODPT,Yes,Japan,Tokyo
ARTM — Montreal area,Yes,Canada,Montreal
Agence de Mobilité Durable Montréal,Yes,Canada,Montreal
HVV — Hamburg,Yes,Germany,Hamburg
Ito World,Yes,UK,Cambridge
Transit App,Yes,Canada,Montreal
Kuban Transit Solutions,No,Canada,Montreal
MBTA,Yes,USA,Boston
Metroselskabet — Copenhagen,No,Denmark,Copenhagen
Entur — Norway,Yes,Norway,Oslo
Swiftly,Yes,USA,San Francisco
Agence de Mobilité Durable Montréal,Yes,Canada,Montreal
Tècnic del Centre de Gestió de la Informació de la Mobilitat (CGIM),No,Spain,Barcelona
MTC,Yes,USA,San Francisco
Polis Network,Yes,Belgium,Brussels
Transit,Yes,Canada,Montreal
Transit,Yes,Canada,Montreal
Université de Montréal,No,Canada,Montreal
Transit,Yes,Canada,Montreal
Transport for Cairo,No,Egypt,Cairo
HVV GmbH,Yes,Germany,Hamburg
Massachusetts Bay Transportation Authority,Yes,USA,Boston
CSA Group,No,Canada,Toronto
LA Metro,No,USA,Los Angeles
City of Montréal,No,Canada,Montreal
GMV,No,USA,Rockville
Federal Transit Administration (U.S. Department of Transportation),No,USA,"Washington, D.C."
Bus2,Yes,Brazil,Belo Horizonte
King County Metro,Yes,USA,Seattle
Jarvus Innovations,No,USA,Philadelphia
Toyota Mobility Foundation,No,USA,"Washington, D.C."
Beta Mobility,No,Norway,Oslo
Siemens Mobilty,No,USA,New York
Transit App,Yes,Canada,Montreal
Transit App,Yes,Canada,Montreal
Interline Technologies,No,USA,San Francisco
Klumpentown Consulting,No,USA,Calgary
"DVS & Asociados, LLC",Yes,Puerto Rico,San Juan
Michigan Department of Transportation,No,USA,Lansing
Polytechnique Montreal - Chaire Mobilité,Yes,Canada,Montreal
Lime,No,USA,San Francisco
ITES Media,Yes,Canada,Montreal
ITES Media,Yes,Canada,Montreal
Chicago Transit Authority,No,USA,Chicago
STM,Yes,Canada,Montreal
Masabi,No,Canada,London
Full Path LLC,Yes,USA,Portland
Jarvus Innovations,No,USA,Philadelphia
Swiftly,Yes,Canada,San Francisco
Rhode Island Public Transit Authority,No,USA,Providence
Rhode Island Public Transit Authority,No,USA,Providence
Apple Inc,Yes,USA,Cupertino
Transamo,No,Canada,Montreal
Arup,No,USA,New York
Codeando México,Yes,Mexico,Mexico City
Actionfigure,Yes,USA,"Washington, D.C."
Axon Vibe,No,USA,New York
California Integrated Travel Project (Cal-ITP),No,USA,Sacramento
Snapper Services,Yes,NZ,Wellington
"Centre of Data for Public Good, Indian Institute of Science",No,India,Bangalore
Santa Clara Valley Transportation Authority,No,USA,San Jose
Statistics Canada,No,Canada,Ottawa
Polytechnique montreal,Yes,Canada,Montreal
BCAA,Yes,Canada,Burnaby
Agence de Mobilité durable,Yes,Canada,Montreal
Hitachi,Yes,USA,Santa Clara
HNTB,No,USA,Kansas City
Arup,No,USA,New York
TransitOPS,No,USA,Los Angeles
WMATA,Yes,USA,"Washington, D.C."
Metropolitan Transportation Authority,No,USA,New York
"WILLER, Inc.",No,Japan,Osaka
ETA Transit,No,USA,Boca Raton
National Rural Transit Assistance Program,No,USA,Woburn
WMATA,No,USA,"Washington, D.C."
Consystec,No,USA,"Washington, D.C."
"Metro Transit (St. Paul/Minneapolis, MN)",Yes,USA,Minneapolis
Trapeze Software,No,USA,Cedar Rapids
Entur,Yes,Norway,Oslo
Support for National Rural Transit Assistance Program (USA)/Transnnovation Inc,No,USA,Woburn
FIFA World Cup 2026,No,USA,Miami
Caltrans,No,USA,Sacramento
Caltrans,No,USA,Sacramento
Caltrans,No,USA,Sacramento
strada360,No,Canada,Toronto
Green Mountain Transit,No,USA,Burlington
Google,Yes,USA,Mountain View
TripSpark Technologies,No,Canada,Mississauga
Réseau de transport Métropolitain,Yes,Canada,Montreal
Réseau de transport Métropolitain,Yes,Canada,Montreal
Google,Yes,USA,Mountain View
Google,Yes,USA,Mountain View
Google,Yes,USA,Mountain View
The Government Accountability Office,No,USA,"Washington, D.C."
The Government Accountability Office,No,USA,"Washington, D.C."
Frontera,No,USA,"Washington, D.C."
National RTAP,No,USA,Woburn
Apple Inc,Yes,USA,Cupertino
Sound Transit,Yes,USA,Seattle
Apple,Yes,USA,Cupertino
Lyft Urban Solutions,No,Canada,Montreal
Via Transportation,No,Canada,Montreal
STM,Yes,Canada,Montreal
Transit App,Yes,Canada,Montreal
Transit App,Yes,Canada,Montreal
Transit App,Yes,Canada,Montreal
Transit App,Yes,Canada,Montreal
Transit App,Yes,Canada,Montreal
STM,Yes,Canada,Montreal
Minnesota Department of Transportation,Yes,USA,St. Paul
Arcadis,No,USA,
GMV Syncromatics Corp,No,USA,Los Angeles
GMV Syncromatics Corp,No,USA,Los Angeles
Société de transport de Montréal,Yes,Canada,Montreal
Exo,Yes,Canada,Montreal
Exo,Yes,Canada,Montreal
ITESMEDIA,Yes,Canada,Montreal
ITESMEDIA,Yes,Canada,Montreal
Lime,No,USA,San Francisco
GIZ,No,Germany,Bonn
OC Transpo,No,Canada,Ottawa
Agencia de Transporte de Yucatán,No,Mexico,Merida
CSA Group,Yes,Canada,Toronto
Hitachi,No,USA,Santa Clara
Agencia de Transporte de Yucatán,No,Mexico,Merida
The Government Accountability Office,No,USA,"Washington, D.C."
Caltrans,No,USA,Sacramento
Innovate Today,No,UK,London
Sound Transit,No,USA,Seattle
Comotive,No,Canada,Montreal
Lime,No,USA,San Francisco
Minnesota Department of Transportation,Yes,USA,St. Paul
Cityfi,No,USA,Los Angeles
MLIT,No,Japan,Tokyo
Arcadis,No,USA,
Instituto de Movilidad de Quintana Roo,No,Mexico,Cancun
Google,Yes,USA,Mountain View
Coop Carbone,Yes,Canada,Montreal
Apple,Yes,USA,Cupertino
McGill University,Yes,Canada,Montreal
Drivers First Rural CAD/AVL,No,USA,
TIDES Board of Directors,No,USA,
Exo | Réseau de transport métropolitain,Yes,Canada,Montreal
Exo | Réseau de transport métropolitain,Yes,Canada,Montreal
Jarvus Innovations,No,USA,Philadelphia
Apple Inc,Yes,USA,Cupertino
Google,Yes,USA,Mountain View
